From Type	From Name	Edge Type	To Type	To Name	Weight
fp	Samuel Beckett, Auteur dramatique	source	a	Samuel Beckett, ou la présence sur la scène	1
fp	Joë Bousquet le rêveur	source	a	Joë Bousquet le rêveur	1
fp	Un roman qui s'invente lui-même	source	a	Un roman qui s'invente lui-même	1
fp	La conscience malade de Zeno	source	a	La conscience malade de Zeno	1
fp	Une voie pour le roman future	source	a	Une voie pour le roman futur	1
fp	Écrire pour son temps	source	a	Sur quelques notions périmées	1
fp	"Il n'y a pas ""d'avant-garde"""	source	a	Sur quelques notions périmées	1
fp	La mort du personnage	source	a	Sur quelques notions périmées	1
fp	Un joli talent de conteur	source	a	Sur quelques notions périmées	1
fp	La forme et le contenu	source	a	Sur quelques notions périmées	1
fp	Nature, Humanisme, Tragédie	source	a	Nature, humanisme, tragédie	1
fp	Nouveau roman, homme nouveau	source	a	Nouveau roman, homme nouveau	1
fp	Samuel Beckett ou la présence sur la scène	source	a	Samuel Beckett, ou la présence sur la scène	1
fp	Comment mesurer l'inventeur des mesures ?	source	a	Temps et descriptions dans le récit d'aujourd'hui	1
fp	La littérature, aujourd'hui - VI	source	a	À quoi servent les théories	1
fp	Énigmes et transparences chez Raymond Roussel	source	a	Énigmes et transparence chez Raymond Roussel	1
fp	Réalisme et révolution	source	a	Une voie pour le roman futur	1
fp	Il écrit comme Stendhal	source	a	À quoi servent les théories	1
fp	Littérature engagée, littérature réactionnaire	source	a	Sur quelques notions périmées	1
fp	Le réalisme socialiste est bourgeois	source	a	Sur quelques notions périmées	1
fp	Monsieur personne répond... Pour un « nouveau roman »	source	a	Du réalisme à la réalité	1
fp	Pour un réalisme de la présence	source	a	Une voie pour le roman futur	1
